<?xml version="1.0" encoding="UTF-8"?>
<project-private xmlns="http://www.netbeans.org/ns/project-private/1">
    <editor-bookmarks xmlns="http://www.netbeans.org/ns/editor-bookmarks/2" lastBookmarkId="0"/>
    <open-files xmlns="http://www.netbeans.org/ns/projectui-open-files/2">
        <group>
            <file>file:/C:/Users/Dell/Desktop/digital_forms/src/assets/js/custom_script.js</file>
            <file>file:/C:/Users/Dell/Desktop/digital_forms/src/containers/Dashboard.js</file>
            <file>file:/C:/Users/Dell/Desktop/digital_forms/public/index.html</file>
            <file>file:/C:/Users/Dell/Desktop/digital_forms/src/index.js</file>
            <file>file:/C:/Users/Dell/Desktop/digital_forms/src/containers/Login.css</file>
            <file>file:/C:/Users/Dell/Desktop/digital_forms/src/containers/Login.js</file>
            <file>file:/C:/Users/Dell/Desktop/digital_forms/public/custom_script.js</file>
            <file>file:/C:/Users/Dell/Desktop/digital_forms/src/containers/Dashboard.css</file>
            <file>file:/C:/Users/Dell/Desktop/digital_forms/src/assets/css/home.css</file>
        </group>
    </open-files>
</project-private>
